title,company,description,link
Front End Engineer,PLACE,"PLACE is an end-to-end technology and business services platform designed to simplify the real estate lifecycle for both consumers and their real estate agents. Top producing real estate teams partner with PLACE because we take care of bookkeeping, human resources, in-house legal, design and marketing, talent acquisition, business training and coaching. Consumers choose real estate teams Powered by PLACE because our partners are positioned to deliver a better experience to their valued clients.BRANDco leads the industry in providing branding products and services for small businesses. Our mission is to help small businesses succeed!We are seeking a highly skilled and motivated Front End Engineer to join our team at BRANDco. As a Front End Engineer, you will play a pivotal role in developing and maintaining our web and mobile applications using React, JavaScript, PHP, and other modern front-end technologies. You will work closely with our talented team of designers, developers, and product managers to deliver exceptional user experiences and drive innovation.Responsibilities:Develop and maintain user-friendly and responsive interfaces for web and mobile applications.Collaborate with designers and product managers to understand requirements and translate them into technical specifications.Write clean, maintainable, and efficient code using Vue, JavaScript, PHP, laravel, and other relevant technologies.Optimize application performance and ensure cross-browser and cross-device compatibility.Conduct code reviews to ensure adherence to best practices and coding standards.Stay up-to-date with industry trends and emerging technologies, and propose innovative solutions to improve our applications.Collaborate with backend engineers to integrate front-end components with server-side logic.Participate in agile development processes, including sprint planning, daily stand-ups, and retrospectives.Qualifications:Bachelor's degree in Computer Science, Engineering, or a related field.Minimum of 3 years of professional experience in front-end development.Strong proficiency in Vue, JavaScript, PHP, HTML, CSS, and related frameworks and libraries.Experience developing web and mobile applications using responsive design techniques.Solid understanding of web standards, cross-browser compatibility, and accessibility best practices.Familiarity with version control systems, such as Git.Strong problem-solving skills and the ability to work effectively in a fast-paced, collaborative environment.Excellent communication and interpersonal skills.Employees and their qualified dependents are offered the following benefits:Medical Health Savings AccountDental Vision Additionally they are eligible to enroll in the following voluntary benefits:Short Term DisabilityAccidental and Illness InsuranceLife InsuranceEmployees are also enrolled in Long Term Disability Insurance and eligible to enroll in the company's 401k program.Employees are offered the following:Vacation Time as Needed10 Sick Day9 paid holidays and 2 paid floating holidays3 days of Bereavement LeaveTime off for Voting and Jury DutyEmployee Assistance ProgramEmployees are eligible to participate in the company's yearly Stock Purchase Program.Salary: $75,000-$90,000 DOE and locationWe are an equal opportunity employer and value diversity. All employment is decided on the basis of qualifications, merit and business need. We are committed to creating an inclusive environment for all employees.
        


        
            Show more
          

          



        
            Show less",https://www.linkedin.com/jobs/view/front-end-engineer-at-place-4068292731?position=1&pageNum=0&refId=X1hMktHlZThwttsj1lZ5Wg%3D%3D&trackingId=Qx4Xs9CKqZSgmtu2NJdpEQ%3D%3D
Jr. Web Developer,Kavaliro,"Job DescriptionKavaliro’s client is seeking a motivated Junior Web Developer to join their team in Orlando, FL. This role is ideal for a candidate with foundational web development experience looking to enhance their skills in front-end and full-stack development. The Junior Web Developer will be responsible for designing, developing, and maintaining web pages and applications that meet business requirements and enhance user experience.Key ResponsibilitiesDevelop, design, and maintain web pages using HTML, JavaScript, CSS, and Photoshop. Implement front-end designs using leading JavaScript frameworks, including Angular, jQuery, React, and others. Collaborate with designers and back-end developers to create responsive and visually appealing user interfaces. Ensure cross-browser compatibility and optimize performance for various devices. Assist in debugging and troubleshooting web applications. Participate in team meetings, code reviews, and development planning sessions. Stay updated with emerging technologies and industry best practices. Qualifications & SkillsBachelor’s degree preferred in Computer Science, Information Technology, or a related field (or equivalent experience in lieu of degree). 1+ years of experience in web development (professional or project-based work accepted). Hands-on experience in HTML, JavaScript, CSS, and Photoshop. Familiarity with front-end frameworks such as Angular, jQuery, and React. Full-stack development experience preferred. Strong problem-solving skills and attention to detail. Ability to work both independently and collaboratively in a team environment. Excellent communication skills and a willingness to learn.Kavaliro provides Equal Employment Opportunities to all employees and applicants. All qualified applicants will receive consideration for employment without regard to race, color, religion, age, sex, national origin, disability status, genetics, protected veteran status, sexual orientation, gender identity or expression, or any other characteristic protected by federal, state, or local laws. Kavaliro is committed to the full inclusion of all qualified individuals. In keeping with our commitment, Kavaliro will take the steps to assure that people with disabilities are provided reasonable accommodations. Accordingly, if reasonable accommodation is required to fully participate in the job application or interview process, to perform the essential functions of the position, and/or to receive all other benefits and privileges of employment, please respond to this posting to connect with a company representative.Job RequirementsHybrid
        


        
            Show more
          

          



        
            Show less",https://www.linkedin.com/jobs/view/jr-web-developer-at-kavaliro-4149215670?position=2&pageNum=0&refId=X1hMktHlZThwttsj1lZ5Wg%3D%3D&trackingId=7MwYyxevGCBeynl8A9L53Q%3D%3D
Frontend Developer,DataAnnotation,"DataAnnotation is committed to creating quality AI. Join our team to help train AI chatbots while gaining the flexibility of remote work and choosing your own schedule.We are looking for a proficient Frontend Developer to join our team to train our AI chatbots to code. You will work with the chatbots that we are building in order to measure their progress, as well as write and evaluate code.To apply to this role, you will need to be proficient in either Python and/or JavaScript. Your role will require proficiency in at least one programming language (JavaScript, Python, C#, C++, HTML, SQL, or Swift) in order to solve coding problems (think LeetCode, HackerRank, etc). For each coding problem, you must be able to explain how your solution solves the problem.Benefits:This is a full-time or part-time REMOTE positionYou’ll be able to choose which projects you want to work onYou can work on your own scheduleProjects are paid hourly, starting at $40+ USD per hour, with bonuses for high-quality and high-volume workResponsibilities:Come up with diverse problems and solutions for a coding chatbotWrite high-quality answers and code snippetsEvaluate code quality produced by AI models for correctness and performanceQualifications:Fluency in English (native or bilingual level)Proficient in either Python and/or JavaScriptExcellent writing and grammar skillsA bachelor's degree (completed or in progress)Previous experience as a Software Developer, Coder, Software Engineer, or ProgrammerNote: Payment is made via PayPal. We will never ask for any money from you. PayPal will handle any currency conversions from USD. This job is only available to those in the US, UK, Canada, Australia, or New Zealand. Those located outside of these countries will not see work or assessments available on our site at this time.



        
            Show more
          

          



        
            Show less",https://www.linkedin.com/jobs/view/frontend-developer-at-dataannotation-4127855394?position=3&pageNum=0&refId=X1hMktHlZThwttsj1lZ5Wg%3D%3D&trackingId=0Ow16FyLWrvyOcVkDcBYLQ%3D%3D
Web Developer,nFocus Solutions®,"Role SummaryWe are looking for a mid-level Web Developer to design, create, and maintain web applications. The ideal candidate has experience with C#, CSS, HTML, and Visual Basic. This role will troubleshoot issues and optimize codes for performance.What You’ll DoTest and validate updates to system and third-party tools across portal servers.Interface with Portal leadership and Security team for maintenance requirements, changes, outages, and posted content.System administration and monitoring for alerts, logging (checked daily), metrics, and user management.Update the configuration and content of the database as required.Support content management from UnITE team to post on the portal, event images, graphic designs, logo, and other approved content.Support for future portal development and upgrades.Documentation of portal management and test procedures. What We'd Like You to Have2-5 years of relevant experience. Experience with C#, Visual Basic, HTML, CSSExperience ensuring that websites function correctly on different web browsers.Experience solving complex technical problems and debugging code issues. Secret clearanceMust be a U.S. Citizen About nFocus SolutionsnFocus Solutions is dedicated to the development of innovative technologies and intelligent business solutions for the public sector. We are a leading provider of applications, services, and technologies that nonprofit organizations, communities, first responders and government agencies rely on to deliver services to the public at large. Our high-quality data management and analysis software enables our clients to achieve clear, well-defined results that change the world.At nFocus Solutions, we are committed to a diverse and inclusive workforce. We believe that great minds think differently. We value diversity of backgrounds, beliefs, and interests, and we recognize diversity as an important source of innovation. nFocus Solutions is an equal opportunity employer and does not discriminate based on race, national origin, gender, gender identity, sexual orientation, protected veteran status, disability, age, or other legally protected status.Powered by JazzHRAcJHpg4QgL



        
            Show more
          

          



        
            Show less",https://www.linkedin.com/jobs/view/web-developer-at-nfocus-solutions%C2%AE-4098754817?position=4&pageNum=0&refId=X1hMktHlZThwttsj1lZ5Wg%3D%3D&trackingId=n89ABw%2FJkqkEWOUcuaGkuw%3D%3D
Sr Frontend Engineer,YO IT Group,"Experience: 8 - 14 YearsLocation: USA - Bay area, LA, NY, Orlando, Seattle, locals to NJMandatory RequirementMinimum 5 years experience required - Strong React, NextJS and Page and component building experienceJob Description: React & Next.js DeveloperWe are looking for a highly skilled React & Next.js Developer with expertise in building pages and components for modern web applications.Key ResponsibilitiesDevelop and optimize React.js and Next.js applications.Build reusable components and pages with a strong focus on performance and scalability.Work closely with designers and backend teams to ensure seamless integration.Implement server-side rendering (SSR) and static site generation (SSG) in Next.js.Ensure responsiveness and cross-browser compatibility of applications.Optimize applications for maximum speed and scalability.Troubleshoot and debug issues efficiently.Required SkillsStrong proficiency in React.js and Next.js.Hands-on experience in building pages and reusable components.Knowledge of JavaScript (ES6+), TypeScript (preferred), and modern UI frameworks.Experience with API integration (REST/GraphQL).Familiarity with CSS-in-JS, Tailwind, or Styled Components.Understanding of performance optimization, SSR, and SSG in Next.js.Experience with Git version control and CI/CD pipelines.Nice To HaveExperience with state management libraries (Redux, Zustand, or Recoil).Knowledge of backend development (Node.js, Express, or Firebase).Familiarity with headless CMS and static site generators.Skills: ci/cd,performance optimization,react.js,server-side rendering (ssr),static site generation (ssg),api integration (rest/graphql),typescript,javascript (es6+),ci/cd pipelines,component building,next.js,git,pages,css-in-js,tailwind,building,components,git version control,react,nextjs,styled components
        


        
            Show more
          

          



        
            Show less",https://www.linkedin.com/jobs/view/sr-frontend-engineer-at-yo-it-group-4175132619?position=5&pageNum=0&refId=X1hMktHlZThwttsj1lZ5Wg%3D%3D&trackingId=248f2TKWdhmfOfbLsBTSCQ%3D%3D
Web Developer Intermediate IT AHU,AdventHealth,"All the benefits and perks you need for you and your family:Benefits from Day OnePaid Days Off from Day OneCareer Development Whole Person Wellbeing ResourcesMental Health Resources and SupportOur Promise To YouJoining AdventHealth is about being part of something bigger. It’s about belonging to a community that believes in the wholeness of each person, and serves to uplift others in body, mind and spirit. AdventHealth is a place where you can thrive professionally, and grow spiritually, by Extending the Healing Ministry of Christ. Where you will be valued for who you are and the unique experiences you bring to our purpose-minded team. All while understanding that together we are even better.Schedule: Full Time / Shift:Days (Mon thru Thurs. 8a.m. to 4:30p.m. & Fri 8a.m. to 3p.m.)Location: 660 WINYAH DR, Orlando, 32803The Community You’ll Be Caring ForOur mission is to provide an environment where students can develop spiritually, intellectually, socially, and physically while pursuing professional expertise integrated with Christian valuesTop Reasons to work at AdventHealth University OrlandoAdventHealth University, a Seventh-day Adventist institution, specializes in the education of professionals in healthcare. The University seeks to develop leaders who will practice healthcare as a ministry. At AdventHealth University (AHU), our primary customers are students, faculty, and staff. Our partners are physicians, allied health clinicians and other employees of AdventHealth.The Role You’ll ContributeUnder minimal levels of supervision, the Software Developer (Web) applies practical knowledge of development to create and enhance web-based applications of moderate complexity. Actively participates in outstanding customer service and accepts responsibility in maintaining relationships that are equally respectful to all.The Value You’ll Bring To The TeamManages development activities through the entire software development life cycle. Recommends improvements to processes and technology that improve the effectiveness of the team. Analyzes requirements and create specification. Analyzes current software functionality, project requirements to understand scope of work, and impact of future design decisions. Reads, comprehends, and creates technical specifications and technical documentation. Under the guidance of senior development team members, designs changes and enhancements to software, in line with agreed patterns, standards and framework, prior to making any changes.Liaises with customers and vendors through the software development lifecycle to resolve software challenges, as requiredCreates user and support documentation.QualificationsWhat Will You NeedEDUCATION AND EXPERIENCE REQUIRED:Associate’s degree in a field of study such as Computer Science, Information Technology, or related field, OR a minimum of three years of relevant IT work experience1-year experience in software developmentExperience logically comprehending technical and/or functional manuals and instructionsTroubleshooting issue resolution experienceExperience working with development environments and toolsets, including database queries, data types, flat files, data mapping, programming structures, and programming logic, to solve computing problems of low to moderate complexityExperience of at least one web-based core language used by the organization: PHP, ColdFusion, or comparable languageExperience of Web Development using HTML, CSS, jQuery, PHP, and/or a CMS framework (ex. Drupal, SharePoint)Knowledge And Skills RequiredKnowledge of Relational Databases (SQL Server, Mysql, or comparable)This facility is an equal opportunity employer and complies with federal, state and local anti-discrimination laws, regulations and ordinances. The salary range reflects the anticipated base pay range for this position. Individual compensation is determined based on skills, experience and other relevant factors within this pay range. The minimums and maximums for each position may vary based on geographical location.
        


        
            Show more
          

          



        
            Show less",https://www.linkedin.com/jobs/view/web-developer-intermediate-it-ahu-at-adventhealth-4173859979?position=6&pageNum=0&refId=X1hMktHlZThwttsj1lZ5Wg%3D%3D&trackingId=kDA1im5DDPmXMInflPjVxw%3D%3D
Sr React.js NextJS Engineer,YO IT Group,"Sr Frontend EngineerExperience: 8 - 14 YearsLocation: USA - Bay area, LA, NY, Orlando, Seattle, locals to NJMandatory RequirementMinimum 5 years experience required - Strong React, NextJS and Page and component building experienceJob Description: React & Next.js DeveloperWe are looking for a highly skilled React & Next.js Developer with expertise in building pages and components for modern web applications.Key ResponsibilitiesDevelop and optimize React.js and Next.js applications.Build reusable components and pages with a strong focus on performance and scalability.Work closely with designers and backend teams to ensure seamless integration.Implement server-side rendering (SSR) and static site generation (SSG) in Next.js.Ensure responsiveness and cross-browser compatibility of applications.Optimize applications for maximum speed and scalability.Troubleshoot and debug issues efficiently.Required SkillsStrong proficiency in React.js and Next.js.Hands-on experience in building pages and reusable components.Knowledge of JavaScript (ES6+), TypeScript (preferred), and modern UI frameworks.Experience with API integration (REST/GraphQL).Familiarity with CSS-in-JS, Tailwind, or Styled Components.Understanding of performance optimization, SSR, and SSG in Next.js.Experience with Git version control and CI/CD pipelines.Nice To HaveExperience with state management libraries (Redux, Zustand, or Recoil).Knowledge of backend development (Node.js, Express, or Firebase).Familiarity with headless CMS and static site generators.Skills: performance optimization,building,typescript,pages,javascript (es6+),git version control,component building,tailwind,react.js,react,styled components,ci/cd pipelines,static site generation (ssg),ci/cd,css-in-js,git,components,nextjs,server-side rendering (ssr),api integration (rest/graphql),next.js
        


        
            Show more
          

          



        
            Show less",https://www.linkedin.com/jobs/view/sr-react-js-nextjs-engineer-at-yo-it-group-4175134402?position=7&pageNum=0&refId=X1hMktHlZThwttsj1lZ5Wg%3D%3D&trackingId=mQYnABCiKA%2FVwH7EKHZZzA%3D%3D
FullStack JS developer,ALTEN,"Looking for a high-level FullStack JS developer with experience working on complex and demanding applications and high attention to detail capable of delivering production-ready code interested in joining a fast-growing FinTech startup in the Real Estate space.The developer must be fluent in SQL (No Exceptions) and have a strong understanding of async/await and stream-based development.The candidate will be required to lead a small team, manage infrastructure and handle deployments.Requirements: Linux (Must be proficient) Node/TypeScript Angular 6+ SQL (MySQL or Postgres) GitOther Libs/Tools: Nginx PM2Any additional programming or real estate experience is a plus. Extra points for: phpNote: If you are not fluent in SQL or Typescript this is absolutely not for you.Job Types: Full-time, Contract
        


        
            Show more
          

          



        
            Show less",https://www.linkedin.com/jobs/view/fullstack-js-developer-at-alten-4147109023?position=8&pageNum=0&refId=X1hMktHlZThwttsj1lZ5Wg%3D%3D&trackingId=dJz9clsQpKmgcfdG%2BXtxDQ%3D%3D
Lead Front End Engineer,Andor Health,"Title: Lead Front End Engineer Location: Orlando In-Office PositionReports To: VP, Development FLSA Status: ExemptPosition DescriptionThe Lead Front End Engineer drives the development of scalable, high-performance web applications while mentoring and leading the frontend team. S/he requires a strong technical leader who can enforce best practices, optimize user experiences, and ensure high-quality code.The incumbent architects front end solutions, enhances application performance, and ensures new features are properly planned, documented, and delivered efficiently. Moreover, this individual collaborates with designers, backend engineers, and product managers to build innovative, user-friendly applications that align with Andor’s vision.Position Responsibilities Provide technical leadership, conduct code reviews, and mentor engineers in React, TypeScript, and JavaScript best practices. Proactively monitor progress, remove roadblocks, and offer technical support to keep the team on track with sprint goals. Design and maintain a modular, reusable, and scalable front-end architecture using React and TypeScript. Work with product managers, UX designers, and backend engineers to define, scope, and document feature implementations. Enforce high coding standards, including TypeScript best practices, component-driven development, and clean code principles. Implement and optimize state management, ensuring scalability, maintainability, and performance. Lead the performance optimization of frontend applications, ensuring fast load times and efficient rendering strategies. Guide the team through complex technical decisions, ensuring smooth project execution. Develop responsive, dynamic UI components that adapt to configurations and user preferences. Maintain a strong focus on frontend security best practices and accessibility compliance.Basic Qualifications 6+ years of professional experience in front end development with a strong focus on React.js Proficiency in JavaScript, TypeScript, HTML, and CSS. Strong experience with modern state management libraries Expertise in building scalable, component-driven UI architectures. Solid experience with frontend performance optimization and data-driven UI rendering. Ability to manage multiple projects and deadlines efficiently in an Agile environment. Strong problem-solving skills, with expertise in debugging and optimizing React-based applications. Proven collaboration skills, working effectively with cross-functional teams (designers, product managers, backend engineers). Excellent written and verbal communication skills, particularly for technical documentation and mentorship. Passion for continuous learning, keeping up with modern frontend trends, frameworks, and best practices. Experience working in fast-paced software environments with aggressive delivery timelines.Preferred Qualifications Enterprise-level web and mobile application development experience, particularly in complex UI architectures. Experience designing solutions for enterprise platforms or applications with scalability and high availability. Experience with WebSockets for real-time, bidirectional communication in web applications Strong understanding of WebRTC, including peer-to-peer connections, media streaming, and signaling protocols. Experience with WebRTC APIs for handling audio/video streams and data channels. Experience in Telehealth or healthcare-related web applications is a plus. Experience building dynamic UI components that adapt to configurations. High energy, enthusiasm, and a growth mindset to drive technical innovation. Strong written and verbal communication skills to interact with stakeholders and technical teams.The preceding functions may not be comprehensive in scope regarding work performed by an employee assigned to this position classification. Management reserves the right to add, modify, change, or rescind the work assignments of this position. Management also reserves the right to make reasonable accommodations so that a qualified employee(s) can perform the essential functions of the position.At Andor Health, our greatest strength comes from bringing together talented people with diverse perspectives to support the technological needs of physicians, hospitals, and post-acute organizations across the globe. Andor Health offers a comprehensive compensation and benefits package, including holidays, vacation, medical, dental, and vision insurance, company paid life insurance and retirement savings.Andor Health's policy is to provide equal employment opportunity and affirmative action in all of its employment practices without regard to race, color, religion, sex, national origin, ancestry, marital status, protected veteran status, age, individuals with disabilities, sexual orientation, or gender identity or expression or any other legally protected category. Applicants for North American based positions with Andor Health must be legally authorized to work in the United States or Canada. Verification of employment eligibility will be required as a condition of hire.EOE Minorities/Females/Individuals with Disabilities/Protected VeteransDrug Free WorkplacePowered by ExactHire: 162608
        


        
            Show more
          

          



        
            Show less",https://www.linkedin.com/jobs/view/lead-front-end-engineer-at-andor-health-4153990796?position=9&pageNum=0&refId=X1hMktHlZThwttsj1lZ5Wg%3D%3D&trackingId=KxoXjvoZrSj0wjNE4amqAw%3D%3D
UX/UI Front End Developer - Business Intelligence,"GLOTECH, Inc.","GLOTECH, Inc., founded in 1995, is a privately and minority-owned company serving military, federal and commercial clients. We are a successful Information Technology firm with a large staff currently providing superior information technology and advanced engineering services around the world. Our success is built on attracting and retaining quality staff through a highly competitive benefits package with a special focus on continuing career development and corporate financial support. We also maintain a collegial working environment and offer our staff opportunities to improve and enhance their skills.GLOTECH is committed to a comprehensive employee benefits program that helps our employees stay healthy, feel secure and maintain a work/life balance. We provide medical dental and vision care, disability insurance (short and long term), Life & AD&D Insurance, Flexible Spending Accounts (Healthcare, Dependent Care and Commuter Transportation and Parking Reimbursement), and Employee Assistance Programs. Additionally, we provide Annual Leave, Sick Leave, Holiday Pay, Educational Assistance, Certification /Training Reimbursement, and a 401(k)-retirement savings contribution plan (with employer match).ResponsibilitiesGLOTECH, Inc. is seeking an experienced UI/UX Designer – Business Intelligence Applications to support the corporate office of United Parks & Resorts located in Orlando, FL. This position will be responsible for the visual design and technical implementation of user interfaces for Business Intelligence and Analytics Applications. They specialize in creating clean and intuitive user interfaces and writing efficient, standards-compliant code to build them. They also provide production support to key stakeholders, drivi ng the digital experience throughout the organization. Establish business intelligence and enterprise reporting style guide to ensure consistency and standardization of reporting across the enterprise  Develop prototypes and wireframes for new reporting modules and widgets across business intelligence platforms and embedded business intelligence applications  Converts designs into CSS, HTML, and JavaScript for webpages  Participate in design, development, and delivery of new UI components  Be a key contributor in all phases of UI/UX design, including requirements gathering, product design, development, testing, delivery, and support  Evolve existing user interfaces to increase interactivity, intuitiveness, and other functional aspects of applications  Provide technical advice and assistance in terms of technical troubleshooting and resolving significant issues to root cause and, if necessary, take the lead role in resolving an issue  Be passionate about all things UX and other areas of design and innovation. Research and showcase knowledge in the industry’s latest trends and technologies.  Must be available to work onsite in Orlando, FL Qualifications Required Competencies  Must be able to write standards-compliant HTML, CSS, and JavaScript on projects based on prototypes, designs, and functional documentation  Must be able to work effectively in a team setting including synthesizing abstract ideas into concrete design implications  Must work closely with the team to understand project needs and learn new development technologies  Must be able to collaborate with stakeholders, business analysts, application developers and Architect to ensure seamless integration of components; performs effectively as a member of the application development team  Must have experience working in a deadline-driven environment, handling and prioritizing multiple tasks  Must have solid understanding of design best practices for business intelligence and analytics use cases – across desktop, mobile, and tablet devices  Must be available for site troubleshooting and defect resolution on an ongoing basis  Must maintain graphic standards and branding throughout all areas of work  Must have effective organizational skills, demonstrated by ability to set priorities, coordinate multiple projects simultaneously, and be attentive to details Required Technical Skills Must have at least 3 years of UX design experience  Must have experience using Adobe Creative Suite, especially Adobe Photoshop, Illustrator, and XD  Must have experience writing JavaScript, jQuery, HTML5, CSS3  Must have experience with designing large, enterprise-scale websites and applications  Must have thorough knowledge of best practices in user interface and user experience methodologies  Must have strong command of web standards, mobile-first responsive design, and cross-browser compatibility Preferred Technical Skills Experience using preprocessors (SASS, LESS) highly preferred  Working knowledge of content management systems  Experience writing XAML markup and UWP app development a plus  GLOTECH, Inc. is an Equal Opportunity/Affirmative Action Employer - Minorities/Females/Protected Veterans/Individuals with Disabilities.



        
            Show more
          

          



        
            Show less",https://www.linkedin.com/jobs/view/ux-ui-front-end-developer-business-intelligence-at-glotech-inc-3838770845?position=10&pageNum=0&refId=X1hMktHlZThwttsj1lZ5Wg%3D%3D&trackingId=g%2FbEpyES4YgIILxTdVpiBA%3D%3D
Web Developer and Designer,Wycliffe Bible Translators USA,"What if you could use your engineering and programming skills to make an eternal impact?At Wycliffe Bible Translators we believe no one should still be waiting for access to God’s Word. Scripture is foundational for strengthening the local church and helping communities address issues of injustice and trauma, but today about 1.5 billion people still don’t have the full Bible in their first language. As a supported* web developer and designer your contributions will improve websites. Are you ready to join God where He’s at work?You’ll make an impact when you…Work closely with artistic, engineering, marketing and communications teams.Provide design elements, write and edit copy, and prepare materials from artists and vendors.Ensure that all elements, templates and solutions work across a variety of browsers.Improve the quality of websites and other electronic content.Provide design maintenance on websites, publications and applications.Contribute ideas and feedback on editorial content.Use HTML and art production software, manage a database of links and utilize information.Facilitate incorporation and support of editorial content.Manage long-term, theme-oriented editorial projects.This job might be for you if…You demonstrate the desire and ability to support corporate biblical and religious goals and participate in regular work-related spiritual activities without reservation (Spiritual Bona Fide Occupational Qualification).You are legally authorized to work in the U.S.You’ll thrive here if…You are anchored in God’s Word and committed to your faith.You strive for unity and collaboration.You take initiative and pursue excellence with humility and confidence.You face change with courage and curiosity as God opens doors.Let’s translate hope together. Discover your next step:  https://wycliffe.org/explore-missionsJob Location: Can be performed remotelyABOUT SUPPORTED POSITIONSWycliffe Bible Translators is a faith-based organization, and as supported staff (missionary) you will receive a non-traditional salary (including benefits and ministry expenses) through the faithful giving of your personal partnership team. We provide extensive training and resources as you build your financial and prayer partnership team.Non-traditional salaries are needs-based determined by factors of housing and personal expenses based on geographic location, including dependents and their ages, retirement savings, ministry expenses and taxes. Although salaries vary significantly and it’s not possible to provide an exact number for this position, a typical non-traditional salary for a missionary household is $42,600 to $80,982 annually. These salaries do not include your partnership-raised funds for health insurance, worker’s compensation insurance, or Wycliffe assessment.10387



        
            Show more
          

          



        
            Show less",https://www.linkedin.com/jobs/view/web-developer-and-designer-at-wycliffe-bible-translators-usa-4016158461?position=11&pageNum=0&refId=X1hMktHlZThwttsj1lZ5Wg%3D%3D&trackingId=CgHSkgx3tf0b9Xvuh6C4Xg%3D%3D
JavaScript Support Engineer,Kavaliro,"Job DescriptionPosition Overview:We are seeking a skilled JavaScript Developer to design and implement user interface components for web applications using JavaScript, HTML, and CSS. This role involves developing and maintaining efficient, reusable, and reliable code while ensuring the best user experience.Key ResponsibilitiesDevelop new user-facing features using JavaScript frameworks (e.g., React, Angular, Vue.js). Write clean, maintainable, and scalable code. Ensure the technical feasibility of UI/UX designs. Optimize applications for maximum speed and scalability. Collaborate with back-end developers and web designers to improve usability. Maintain code integrity and organization. Identify and fix bugs or performance bottlenecks. QualificationsProficiency in JavaScript, including DOM manipulation and the JavaScript object model. Experience with modern JavaScript frameworks such as React, Angular, or Vue.js. Strong knowledge of HTML5, CSS3, and responsive design. Familiarity with code versioning tools like Git. Experience with RESTful APIs and asynchronous request handling. Understanding of cross-browser compatibility issues and ways to work around them. Excellent problem-solving skills and attention to detail. Education & ExperienceBachelor’s degree in Computer Science, Engineering, or a related field. 2+ years of experience in JavaScript development. Preferred SkillsKnowledge of TypeScript, Node.js, or related technologies. Experience with build tools such as Webpack or Babel. Familiarity with agile development methodologies. Job RequirementsRemote
        


        
            Show more
          

          



        
            Show less",https://www.linkedin.com/jobs/view/javascript-support-engineer-at-kavaliro-4128271639?position=12&pageNum=0&refId=X1hMktHlZThwttsj1lZ5Wg%3D%3D&trackingId=mYgC9Rgm2taxTLvcbQMltg%3D%3D
PHP Developer-Orlando FL,Cogent Communications,"CompanyCogent Communications is a global, Tier 1 facilities-based ISP, consistently ranked as one of the top five networks in the world and is publicly traded on the NASDAQ Stock Market under the ticker symbol CCOI. Cogent specializes in providing businesses with high speed Internet access and Ethernet transport services. Cogent's facilities-based, all-optical IP network backbone provides IP services globally. Since its inception, Cogent has unleashed the benefits of IP technology, building one of the largest and highest capacity IP networks in the world. This network enables Cogent to offer large bandwidth connections at highly competitive prices. Cogent also offers superior customer support by virtue of its end-to-end control of service delivery and network monitoring. A competitive base salary and a full benefits package including; Health, Dental, Vision, Paid Time Off (PTO), Short- and Long-Term Disability, Life Insurance, Holidays, Parental Leave, 401(k) plan with employer match, stock options, and an Employee Assistance Program. Most benefits take effect within 30 days of employment, and some require a waiting period.Job SummaryThe PHP Developer will assist in the design, development and maintenance of a several in-house business applications to support Corporate Sales, Operations and Finance as well as other departments. Under the guidance of the technical lead, the developer will work with application stakeholders to gather requirements, produce proofs-of-concept, obtain feedback, and complete the development, testing and implementation of the applications. This developer will also assist in maintaining some existing PHP and Java applicationsEssential Duties And ResponsibilitiesAnalyze technology/capability gaps, research, develop, and deploy software solutionsWork with project leads to define sprints and associated deliverablesCollaborate with other developers to design and optimize codeConduct integration, test, bug fixes, and other software maintenance activitiesPerforming requirements analysis and proof of concept or prototyping as needed for engineering and design of corporate applicationsSupporting applications in O&M status by providing enhancements and bug fixes as neededCoding, testing, and debugging new software or enhancements to existing softwareDeveloping user interfaces and applications by setting expectations and feature priorities throughout the development life cycle, determining design methodologies and tool sets, completing programming using languages and software products, and designing and conducting testsIntegration of platforms leveraging APIsAssist in the creation of technical documentation and user guides in support of developed softwareQualifications3+ years of PHP web development experience.2+ years of experience with the Laravel Framework2+ years of full-time experience with MySQL and/or MSSQLProficiency with HTML/CSS/JavaScript.Experience in all phases of SDLC, OO analysis and design, and revision control systems.Ability to converse with end-users, gather requirements, and provide feedback in plain non-technical EnglishAbility to structure a software project (UI / API / DB)Ability to write clear, concise, and accurate technical documentationAt least 2 years of Computer Science college education or similar studiesOutstanding customer service and time management skillsStrong interpersonal, communication and organizational skillsCapable of writing and presenting detailed documentationPhysical RequirementsFrequently remains in a sitting/stationary position during the workday.Operates a computer and performs desk-based computer tasks continually, frequently viewing a computer screen.COVID-19 PolicyCogent has adopted a mandatory vaccination and booster policy which requires all U.S. employees to be fully vaccinated with one booster against COVID-19. Prior to beginning employment, new employees must provide proof of vaccination or apply for and receive an accommodation to be exempt from the policy.By submitting an application or resume for this position, I understand that is an in-office position and agree to abide Cogent’s mandatory vaccination policy.To apply for the PHP Developer position, please submit your resume and cover letter to careers@cogentco.com.Cogent Communications is an Equal Opportunity Employer.



        
            Show more
          

          



        
            Show less",https://www.linkedin.com/jobs/view/php-developer-orlando-fl-at-cogent-communications-4180452731?position=13&pageNum=0&refId=X1hMktHlZThwttsj1lZ5Wg%3D%3D&trackingId=fTqK4mG%2BdQ8pKmlhewEigw%3D%3D
UI Angular Developer,Jobs via Dice,"Dice is the leading career destination for tech experts at every stage of their careers. Our client, Sensiple Inc., is seeking the following. Apply via Dice today!Sensiple Inc is a New Jersey corporation with over two decades of expertise in technology-driven solutions specialising in Customer Experience, Contact Center Solutions, Digital Transformation, Cloud Computing & Independent Testing.With an expert team that has enriched experience in executing & developing sustainable IT strategies in Healthcare, Technology, Retail, Logistics, Education, Telecommunications, Government and Media, we help our diverse customers to envision the future.By developing highly scalable and consistent solutions, our primary goal is to deliver excellence at all levels and delight our customers and drive them to a better future.Hi,This is Vinod from Sensiple, Inc. I have the below job opportunity available with my client. Appreciate, if you could kindly go through the job description. If you re interested, kindly respond me back with your recent updated resume.I would appreciate it, if you can forward this email to your contacts who might be interested, if you are not available. Position: UI Angular DeveloperWork Location: Lake Mary, FL (Hybrid)Duration: Long Term ContractRoles and Responsibilities: Design and develop scalable Front End software solutions with Angular components using Angular 8+ (Components , Directives, Services, Interaction of components, Core Angular framework).Convert the UX prototype into user interface by using Angular and its new advanced techniques.Perform detailed design analysis and achieve the design by using HTML, CSS/SCSS and code industry best designing standard.Design and develop scalable Front End software solutions with Angular components using Angular 8+ (Components , Directives, Services, Interaction of components, Core Angular framework).Strong proficiency in Java Script, with deep understanding of object-oriented programming and design patterns.Convert the UX prototype into user interface by using Angular and its new advanced techniques.Perform detailed design analysis and achieve the design by using HTML, CSS/SCSS and code industry best designing standard.Mandatory Skills: Angular.JAVA script.Springboot.HTML, CSS, SCSS.Microservices.NgRx.Kafka.Ag-Grid.If you find yourself suitable for this position, kindly send your updated resume and expected hourly rate to vinod dot pv at sensiple dot comRegards,Vinod P V | Sensiple Inc.,vinod dot pv at sensiple dot com555 US Highway 1 S, Ste 330 Iselin, NJ 08830Sensiple, Inc. is an Equal Opportunity Employer, and all qualified applicants will receive consideration for employment without regard to gender, race, colour, religion, sex, national origin, veteran or disability status.



        
            Show more
          

          



        
            Show less",https://www.linkedin.com/jobs/view/ui-angular-developer-at-jobs-via-dice-4179443006?position=14&pageNum=0&refId=X1hMktHlZThwttsj1lZ5Wg%3D%3D&trackingId=WaizJATmmRMNlTsH2%2B%2FNfg%3D%3D
"Sr Full Stack Developer - Java, React",Capco,"About The TeamAt the Capco Technology Delivery Center, we are dedicated to the financial services industries. Our professionals combine innovative thinking with unrivalled industry and domain expertise to offer our clients consulting expertise, complex technology and package integration, transformation delivery, and managed services, to move their organizations forward. Through our collaborative and efficient approach, we help our clients successfully innovate, increase revenue, manage risk and regulatory change, reduce costs, and enhance controls. Our teams stay at the forefront of industry trends and technologies that are driving innovation. From strategy to launch, we are adept at delivering across the full product lifecycle.About The JobAs a member of the Capco Technology Delivery Team, you’ll bring practical knowledge of agile development methodologies and engineering best practices. As a Sr Full Stack Developer Developer, you’ll use your experience and skills to contribute to the quality and implementation of our software products for our customers.What You’ll Get To DoWork closely with business units, application teams, infrastructure areas and vendors to identity, review and evaluate the solution requirements. Investigate and propose strategic fits for virtualization, consolidation and rationalization solution opportunities within the infrastructure or business. Provide client consulting and planning guidance as applicable for moderate to complex projects. Map requirements into standard services solution, identity opportunities for integrating to existing or reuse technology and provide cost effective solutions for moderate to large highly complex project/programs/initiatives.Contribute to a culture of innovation, ideas, and continuous improvement, along with a great attitude, solid communication skills, willingness to learn and collaborateWhat You’ll Bring With You5+ years of development experience using Java in a J2EE environmentExperience Developing and maintaining microservices using Spring Boot in Java, handling API transactions and managing the data layer for our micro appsExperience in AWSExperience designing modular solutions using Webpack's Module Federation, or similarWillingness to work in the Maitland (Orlando) office 3 days per weekWhy Capco?A career at Capco is a chance to help reshape the competitive landscape in financial services. We launch new banks, transform existing ones, and help our clients navigate complex change. As consultants, we work on the front-end business design all the way through to technology implementation.We are the largest Financial Services focused consultancy in the world, serving everyone from global banks to emerging FinTechs, from strategy through digital transformation, design, business consulting, data and analytics, cyber, cloud, technology architecture, and engineering.Capco is a young and growing firm. We maintain an entrepreneurial spirit and growth mindset, and have minimal bureaucracy. We have no internal silos that get in the way of your career opportunities or ability to focus on our clients and make a difference to the business. We offer the opportunity for everyone to learn rapidly, take on tough challenges, and get promoted quickly. We take pride in our creative, collaborative, diverse, and inclusive culture, where everyone can #BYAW.We offer highly competitive benefits, including medical, dental and vision insurance, a 401(k) plan, tuition reimbursement, and a work culture focused on innovation and creation of lasting value for our clients and employees.Ready to take the Next StepIf this sounds like you, we would love to hear from you. This is an opportunity to make a difference and contribute to a highly successful company with a significant growth trajectory.We have been informed of several recruitment scams targeting the public. We strongly advise you to verify identities before engaging in recruitment related communication. All official Capco communication will be conducted via a Capco recruiter.



        
            Show more
          

          



        
            Show less",https://www.linkedin.com/jobs/view/sr-full-stack-developer-java-react-at-capco-4125429619?position=15&pageNum=0&refId=X1hMktHlZThwttsj1lZ5Wg%3D%3D&trackingId=pTw3B72iFFDjFGh418DijQ%3D%3D
Senior PHP Developer,Currency Exchange International,"Currency Exchange International (CXI) is a Financial Services and Technology Provider based in Orlando, Florida.Currency Exchange International, Corp. is a publicly traded company on the Toronto Stock Exchange (CXI) and OTC (CURN). CXI provides a wide range of foreign exchange services to customers in both the United States and in Canada. CXI’s primary business channels to service customers are through its company-owned branch locations and foreign exchange partnerships with financial institutions and corporations. CXI has been providing global payment solutions for clients that span wide-ranging industries. As one of North America's leading foreign exchange wholesalers, CXI can provide personalized and efficient service, competitive rates, as well as a number of settlement options. Visit our website to learn more about life at CXI: https://www.ceifx.com/about/life-at-cxiOur Value Statement: We help our clients identify and create foreign exchange solutions, delivering a best practices approach through unparalleled customer service and integrated technology to create significant financial and operational efficiencies.Our Values:Customer First - We earn the right to be our clients’ first choice.Integrity - We hold ourselves to the highest standard to build trust.Collaborative - We always win as a team.Innovative - We find new methods to deliver change and advance technology to the industry.Passionate - We are driven to be the best in class.Currency Exchange International is seeking an experienced Senior PHP Developer to work within their Software Development Team!Description: As a Senior PHP Developer, you will be an integral part in the design and development of the CEIFX proprietary application software. You will be working closely with business analysts, project managers, cross functional area specialist and the rest of the Development and QA team to build a software you can be proud of.Essential Functions:Contribute to all phases of software development lifecycle.Write a well-formatted code that adheres to CXI’s coding standards.Troubleshoot and debug software application issues.Developing new functionality and features to our existing proprietary software.Analyze the requirements to help design and architect new features.Proactively learn and utilize new technologies, concepts, and procedures as appropriate to project requirements.Plan and execute testing and implementation of new feature or application.Collaborate with internal and external stakeholders as needed.Other Duties:Please note this job description is not designed to cover or contain a comprehensive listing of activities, duties or responsibilities that are required of the employee. Duties, responsibilities and activities may change at any time with or without notice.Competencies:Action OrientedFunctional SkillsSituational AdaptabilityCommunicates EffectivelyOptimizes Work ProcessesNimble LearningRequired Education and Experience:Bachelor’s degree in an IT-related field 5+ years of software development experience.Must demonstrate strong background in the areas of PHP, MySQL, RESTful APIs, JavaScript, and jQuery.Experience with the standard LAMP stack. Experience with MVC frameworkDemonstrable experience writing, and debugging complex queries in MySQLExperience with source control systems such as GITAgile knowledge/experience a plusAssist with designing and architecting the productTroubleshoot and debug application issuesPosition Type/Expected Hours of Work:This is a full-time position. Days of work are Monday through Friday. Evening hours and occasional but less frequent weekend work may be necessary.Benefits:Commuter Reimbursement - CXI will pay the driving toll, bus or metro cost in and out of workHoliday Pay – 11 days of paid designated holidays annuallyVacation Pay – 10 days of paid vacation time off annuallySick/Personal Days – 5 days of paid sick/personal time off annually401K Plan - Company matches at 5%Health/Dental/Vision - 60% payment of the Health/Dental/Vision Insurance premiumsShort and Long-Term Disability - Plan premiums are fully covered by CXICurrency Exchange International is committed to providing a fair and inclusive interview process for all candidates. We invite and support applications from individuals with disabilities. Accommodations are readily available upon request to ensure that candidates can fully participate in every stage of the selection process.



        
            Show more
          

          



        
            Show less",https://www.linkedin.com/jobs/view/senior-php-developer-at-currency-exchange-international-4167071930?position=16&pageNum=0&refId=X1hMktHlZThwttsj1lZ5Wg%3D%3D&trackingId=HWSFgP1XaknA2DxzO5blpg%3D%3D
Senior Full Stack Developer (Angular/.NET),BDO USA,"Job Summary JOB DESCRIPTION The Senior Software Developer will work with cutting edge technology, deliver high quality solutions across various local industries, and driving solutions with a team working on holistic software development projects that range in size and scope, as well as receive continuous career development opportunities. This role will perform hands-on customized development and unit testing of full-stack software solutions. The Senior Software Developer owns and participates in consulting relationships with multiple clients and technologies.Job Duties Software Design: Produces and reviews software designs that meet both business and technical requirements  Consulting: Applies a deep understanding of client needs and plays an integral part in defining and proposing practical solutions to meet or exceed client expectations  Software Architecture: Instrumental in defining the software and database design for new solutions  Business Requirements Gathering: Leads client requirements gathering sessions and accurately documents business requirements  Implementation and Support: Performs software deployments and ongoing software support  Other duties as required Supervisory Responsibilities Leads a team of developers within projects to ensure timelines and deliverables are met  Responsible for time reporting accuracy and oversees the technical management of projects  Performs code reviews and ensures adherence to standards EducationQualifications, Knowledge, Skills and Abilities: Bachelor’s degree from an accredited university, required Computer Science Major, preferred Experience Three (3) or more years of application development experience, required  One (1) or more years technically leading development projects, required  Professional experience coding with multiple software technologies, required  Two (2) or more years producing technical designs (artifacts), preferred  Development Experience with one or more of the following, required: Front-end Development (AngularJS, React, .NET MVC, or similar)  Backend Development (C#, Java, NodeJS)  Web Design (HTML, CSS, SASS)  Database Server Experience (SQL Server, Oracle, MySQL or similar)  SQL Development Experience (Queries, Functions, Stored Procedures)  NoSQL Experience (Azure Cosmos DB, MongoDB, or similar)  Cloud Technologies (Azure, AWS)  Business Intelligence (ADF, SSIS, SSAS, SSRS, Power BI, or similar business intelligence technologies)  Mobile Development Experience (Xamarin, Swift, Objective-C, or similar)  CI/CD Pipeline experience (i.e., GitHub Actions, Azure Pipelines, Gitlab Runners, etc.)  Experience with the following, preferred: Familiarity with Cloud Technologies  Agile Software Development Experience  Experience using source control (Azure DevOps, GitHub, or similar)  Professional experience coding with Microsoft Development Platform Other Knowledge, Skills & Abilities Able to develop and learn new and emerging technologies  Solid understanding of object-oriented programming (OOP)  Experience with Azure DevOps Boards or Jira  Experience within a consultative environment  Strong written and verbal communication skills  Must be open to travel to client sites, if needed KeywordsAngularJS, React, .NET MVC, C#, Java, NodeJS, HTML, CSS, SASS, SQL Server, Oracle, MySQL, SQL, Queries, Functions, Stored Procedures, Azure Cosmos DB, MongoDB, Azure, AWS, Business Intelligence, ADF, SSIS, SSAS, SSRS, Power BI, Mobile Development Experience, Xamarin, Swift, Objective-C, CI/CD Pipeline, GitHub Actions, Azure Pipelines, Gitlab RunnersIndividual salaries that are offered to a candidate are determined after consideration of numerous factors including but not limited to the candidate’s qualifications, experience, skills, and geography.National Range: $75,000 - $150,000California Range: $75,000 - $150,000Colorado Range: $75,000 - $150,000Maryland Range: $75,000 - $150,000NYC/Long Island/Westchester Range: $75,000 - $150,000Washington Range: $75,000 - $150,000About UsJoin us at BDO, where you will find more than a career, you’ll find a place where your work is impactful, and you are valued for your individuality. We offer flexibility and opportunities for advancement. Our culture is centered around making meaningful connections, approaching interactions with curiosity, and being true to yourself, all while making a positive difference in the world.At BDO, our purpose of helping people thrive every day is at the heart of everything we do. Together, we are focused on delivering exceptional and sustainable outcomes and value for our people, our clients, and our communities. BDO is proud to be an ESOP company, reflecting a culture that puts people first, by sharing financially in our growth in value with our U.S. team. BDO professionals provide assurance, tax and advisory services for a diverse range of clients across the U.S. and in over 160 countries through our global organization.BDO is the first large accounting and advisory organization to implement an Employee Stock Ownership Plan (ESOP). A qualified retirement plan, the ESOP offers participants a stake in the firm’s success through beneficial ownership and a unique opportunity to enhance their financial well-being. The ESOP stands as a compelling addition to our comprehensive compensation and Total Rewards benefits* offerings. The annual allocation to the ESOP is fully funded by BDO through investments in company stock and grants employees the chance to grow their wealth over time as their shares vest and grow in value with the firm’s success, with no employee contributions.We Are Committed To Delivering Exceptional Experiences To Middle Market Leaders By Sharing Insight-driven Perspectives, Helping Companies Take Business As Usual To Better Than Usual. With Industry Knowledge And Experience, a Breadth And Depth Of Resources, And Unwavering Commitment To Quality, We Pride Ourselves OnWelcoming diverse perspectives and understanding the experience of our professionals and clientsEmpowering team members to explore their full potentialOur talented team who brings varying skills, knowledge and experience to proactively help our clients navigate an expanding array of complex challenges and opportunitiesCelebrating ingenuity and innovation to transform our business and help our clients transform theirsFocus on resilience and sustainability to positively impact our people, clients, and communitiesBDO Total Rewards that encompass so much more than traditional “benefits.” Click here to find out more! Benefits may be subject to eligibility requirements.Equal Opportunity Employer, including disability/vetsClick here to find out more!All qualified applicants will receive consideration for employment without regard to race, color, religion, sex, national origin, disability or protected veteran status.""BDO USA, P.A. is an EO employer M/F/Veteran/Disability""



        
            Show more
          

          



        
            Show less",https://www.linkedin.com/jobs/view/senior-full-stack-developer-angular-net-at-bdo-usa-4136247815?position=17&pageNum=0&refId=X1hMktHlZThwttsj1lZ5Wg%3D%3D&trackingId=FgROFdCPVfYWeXvAVurhTg%3D%3D
Senior ArcGIS JavaScript Developer,Deloitte,"In this age of disruption, organizations need to navigate the future with confidence by tapping into the power of data analytics, robotics, and cognitive technologies such as Artificial Intelligence (AI). Our Strategy & Analytics portfolio helps clients leverage rigorous analytical capabilities and a pragmatic mindset to solve the most complex of problems. By joining our team, you will play a key role in helping to our clients uncover hidden relationships from vast troves of data and transforming the Government and Public Services marketplace. Work you'll do  Transitioning from legacy techniques to modern ESRI practices, including the Calcite Design System  Leading a team with knowledge of legacy techniques of utilizing TypeScript to generate/compile JavaScript, Widget UI definition via JSX and the migration from Asynchronous Module Definition to ECMAScript modules in combination with frameworks like React, Vue, Agular, etc.  The team Deloitte's Government and Public Services (GPS) practice - our people, ideas, technology and outcomes-is designed for impact. Serving federal, state, & local government clients as well as public higher education institutions, our team of over 15,000+ professionals brings fresh perspective to help clients anticipate disruption, reimagine the possible, and fulfill their mission promise.The GPS Strategy offering leads strategic planning & portfolio management and reporting & monitoring workstreams. This includes day-to-day client interaction and leads to the creation of relevant resources and materials (such as strategic plans, roadmaps, etc.) and work products (such as development of performance metrics, tracking dashboards, etc.) in order to successfully implement client vision. Qualifications Required:  Bachelor's degree, preferably in Computer Sciences, Information Technology, Computer Engineering, or related IT discipline; or equivalent experience  6+ years of experience with JavaScript  6+ years of experience with GIS API for TypeScript/JavaScript  Must be legally authorized to work in the United States without the need for employer sponsorship, now or at any time in the future  Must live in a commutable distance (approximately 100-mile radius) to one of the following Delivery locations: Atlanta, GA; Charlotte, NC; Dallas, TX; Gilbert, AZ; Houston, TX; Lake Mary, FL; Mechanicsburg, PA; Philadelphia, PA with the ability to commute to assigned location for the day, without the need for overnight accommodations  Expectation to co-locate in your designated Delivery location up to 30% of the time based on business needs. This may include a maximum of 10% overnight client/project travel  Ability to travel 10%, on average, based on the work you do and the clients and industries/sectors you serve. This may include overnight travel Preferred: Strong technical comprehension  Experience with the ArcGIS Maps SDK for JavaScript 4.x  Experience working independently with minimal guidance  Strong problem solving and troubleshooting skills with experience exercising mature judgment  Proven experience effectively prioritizing workload to meet deadlines and work objectives Information for applicants with a need for accommodation: https://www2.deloitte.com/us/en/pages/careers/articles/join-deloitte-assistance-for-disabled-applicants.html
        


        
            Show more
          

          



        
            Show less",https://www.linkedin.com/jobs/view/senior-arcgis-javascript-developer-at-deloitte-4139644620?position=18&pageNum=0&refId=X1hMktHlZThwttsj1lZ5Wg%3D%3D&trackingId=PYC9txCa8sgniT7EEWjgtg%3D%3D
"Software Engineer, Backend",Lyft,"At Lyft, our mission is to improve people’s lives with the world’s best transportation. To accomplish this, we start with our own community by creating an open, inclusive, and diverse organization.Lyft is looking for experienced, product-focused software engineers for our Driver Earnings Team. We are growing our team with people who want to build, improve, and incorporate technologies that enrich the lives of our community. As an engineer at Lyft, you'll collaborate with teams like product, data science, analytics, and operations on code that empowers us to iterate quickly while focusing on delighting our passengers and drivers.As a Software Engineer for Driver Earnings, you will lead multiple work streams that improve drivers' experience with rideshare. In addition, you will focus on incentivizing drivers to prefer Lyft, building differentiated pay products and features for the thing that drivers care the most about - their earnings. As an engineer on our team, you'll work hand in hand with various teams across Lyft, fostering collaboration and driving innovation to increase the adoption & usage of Lyft.Responsibilities:Partner with product managers, engineers, and operators to build driver earnings related infrastructure and products.Design and analyze experiments; communicate results and act on launch decisionsWork with cross functional partners in the Driver Experience and Marketplace so earnings related data is available and usable by the various systems that need this data.Experience:Degree in Computer Science or Computer Engineering (advanced degrees preferred), or relevant work experienceProficiency in SQL - able to write structured and efficient queries on large data setsExperience in programming, especially in Python Strong oral and written communication skills, and ability to collaborate with and influence cross-functional partnersBenefits:Great medical, dental, and vision insurance options with additional programs available when enrolledMental health benefitsFamily building benefitsChild care and pet benefits401(k) plan to help save for your futureIn addition to 12 observed holidays, salaried team members have discretionary paid time off, hourly team members have 15 days paid time off18 weeks of paid parental leave. Biological, adoptive, and foster parents are all eligibleSubsidized commuter benefitsLyft Pink - Lyft team members get an exclusive opportunity to test new benefits of our Ridership ProgramLyft is an equal opportunity/affirmative action employer committed to an inclusive and diverse workplace. All qualified applicants will receive consideration for employment without regards to race, color, religion, sex, sexual orientation, gender identity, national origin, disability status, protected veteran status or any other basis prohibited by law. We also consider qualified applicants with criminal histories consistent with applicable federal, state and local law.This role will be in-office on a hybrid schedule — Team Members will be expected to work in the office 3 days per week on Mondays, Wednesdays, and Thursdays. Additionally, hybrid roles have the flexibility to work from anywhere for up to 4 weeks per year. #HybridThe expected range of pay for this position in San Francisco is $108,000 - $135,000. Salary ranges are dependent on a variety of factors, including qualifications, experience and geographic location. Range is not inclusive of potential equity offering, bonus or benefits. Your recruiter can share more information about the salary range specific to your working location and other factors during the hiring process.



        
            Show more
          

          



        
            Show less",https://www.linkedin.com/jobs/view/software-engineer-backend-at-lyft-4075120758?position=1&pageNum=0&refId=d%2FuiXVqBlKCJ3ze8v2YsyQ%3D%3D&trackingId=Vi1D5qvRrnF49SyWSellYQ%3D%3D
"Software Engineer, Growth",Notion,"About UsWe're on a mission to make it possible for every person, team, and company to be able to tailor their software to solve any problem and take on any challenge. Computers may be our most powerful tools, but most of us can't build or modify the software we use on them every day. At Notion, we want to change this with focus, design, and craft.We've been working on this together since 2016, and have customers like Pixar, Mitsubishi, Figma, Plaid, Match Group, and thousands more on this journey with us. Today, we're growing fast and excited for new teammates to join us who are the best at what they do. We're passionate about building a company as diverse and creative as the millions of people Notion reaches worldwide.Notion is an in-person company, and currently requires its employees to come to the office for two Anchor Days (Mondays & Thursdays) and requests that employees spend the majority of their week in the office (including a third day).About The RoleNotion's Growth Engineers make our mission of software ubiquity a reality. Using experiments, creativity, and feature creation, this team accelerates the value of Notion to an ever growing audience of users. We are owners of the ins and outs of our business, using a blend of data, qualitative research, and product intuition to accelerate our impact at this critical time in our company’s journey.What You'll AchieveDeliver experiments end-to-end, from ideation to analysis, with velocity and quality to move core business metricsGet to know the Notion customer to understand key points in the customer journey and uncover insights that will drive activation and engagementPlan, shape, and build new features to create a more engaging and personalized early product experience for our customersSkills You'll Need To BringShipping polished user interfaces: You can work with others to build and maintain quality user interfaces for a big audience. You have experience and are comfortable using Web technologies like HTML, CSS, JavaScript, and a modern UI framework like React. If you've experienced the technical challenges of rapid growth, that's a plus.Data and experimentation: You have Growth Engineering experience at another company. You are comfortable iteratively testing product flows using A/B testing to understand customer behavior and make data-informed decisions.Thoughtful problem-solving: For you, problem-solving starts with a clear and accurate understanding of the context. You can decompose tricky problems and work towards a clean solution, by yourself or with teammates. You're comfortable asking for help when you get stuck.Pragmatism and impact-orientation: You care about business impact and prioritize projects accordingly. You're not just going after cool stuff—you understand the balance between craft, speed, and the bottom line.Putting users first: You think critically about the implications of what you're building, and how it shapes real people's lives. You understand that reach comes with responsibility for our impact—good and bad.Empathetic communication: You communicate nuanced ideas clearly, whether you're explaining technical decisions in writing or brainstorming in real time. In disagreements, you engage thoughtfully with other perspectives and compromise when needed.Team player: For you, work isn't a solo endeavor. You enjoy collaborating cross-functionally to accomplish shared goals, and you care about learning, growing, and helping others to do the same.Nice To HavesA history of strong cross-functional collaboration with marketing, sales, and/or other non-technical teamsYou've heard of computing pioneers like Ada Lovelace, Douglas Engelbart, Alan Kay, and others—and understand why we're big fans of their work.We hire talented and passionate people from a variety of backgrounds because we want our global employee base to represent the wide diversity of our customers. If you’re excited about a role but your past experience doesn’t align perfectly with every bullet point listed in the job description, we still encourage you to apply. If you’re a builder at heart, share our company values, and enthusiastic about making software toolmaking ubiquitous, we want to hear from you.Notion is proud to be an equal opportunity employer. We do not discriminate in hiring or any employment decision based on race, color, religion, national origin, age, sex (including pregnancy, childbirth, or related medical conditions), marital status, ancestry, physical or mental disability, genetic information, veteran status, gender identity or expression, sexual orientation, or other applicable legally protected characteristic. Notion considers qualified applicants with criminal histories, consistent with applicable federal, state and local law. Notion is also committed to providing reasonable accommodations for qualified individuals with disabilities and disabled veterans in our job application procedures. If you need assistance or an accommodation made due to a disability, please let your recruiter know.Notion is committed to providing highly competitive cash compensation, equity, and benefits. The compensation offered for this role will be based on multiple factors such as location, the role’s scope and complexity, and the candidate’s experience and expertise, and may vary from the range provided below. For roles based in San Francisco, the estimated base salary range for this role is $130,000 - $238,000 per year.



        
            Show more
          

          



        
            Show less",https://www.linkedin.com/jobs/view/software-engineer-growth-at-notion-4143892275?position=2&pageNum=0&refId=d%2FuiXVqBlKCJ3ze8v2YsyQ%3D%3D&trackingId=sSDvTRv9M4XZx9pk%2FgWT4Q%3D%3D
Software Engineer - Web,Plaid,"We believe that the way people interact with their finances will drastically improve in the next few years. We’re dedicated to empowering this transformation by building the tools and experiences that thousands of developers use to create their own products. Plaid powers the tools millions of people rely on to live a healthier financial life. We work with thousands of companies like Venmo, SoFi, several of the Fortune 500, and many of the largest banks to make it easy for people to connect their financial accounts to the apps and services they want to use. Plaid’s network covers 12,000 financial institutions across the US, Canada, UK and Europe. Founded in 2013, the company is headquartered in San Francisco with offices in New York, Washington D.C., London and Amsterdam.The Web team at Plaid is a highly cross-functional group across Engineering, Product, Design, and Marketing that is responsible for developing and maintaining our website, which is central to our brand and Growth strategies. We are embarking on an exciting journey to reimagine our site and transform how we connect with customers, showcase our products, and communicate our story. The transformation is happening at all levels as we re-evaluate both the technical platform and customer experience we’ve built .As an engineer on our Web team, you’ll play a central role in reshaping our brand with deeply engaging, interactive and impactful web pages. You’ll have the opportunity to lead development on full pages and contribute to more templatized pages that are published via our CMS. You’ll achieve this alongside a team of engineers who value impact, user delight, and quality.ResponsibilitiesContribute to component and page development for plaid.com ; championing performance, availability, reliability, accessibility and user delightRefine our internal publishing workflows for pages built within a CMSCollaborate closely with Marketing, Design, and Product to take web experience from design to productionQualifications2+ years of experience as a front-end engineer or web developer on highly interactive experiencesHigh attention to detail and strong design senseExperience in both static and server-side websites Experience with Javascript, React, or other modern UI frameworks/librariesProficiency with cloud infrastructure, such as AWS or similar Familiarity with design systems and component-based web design$114,480 - $157,680 a yearTarget base salary for this role is between $114,480 and $157,680 per year. Additional compensation in the form(s) of equity and/or commission are dependent on the position offered. Plaid provides a comprehensive benefit plan, including medical, dental, vision, and 401(k). Pay is based on factors such as (but not limited to) scope and responsibilities of the position, candidate's work experience and skillset, and location. Pay and benefits are subject to change at any time, consistent with the terms of any applicable compensation or benefit plans.Our mission at Plaid is to unlock financial freedom for everyone. To support that mission, we seek to build a diverse team of driven individuals who care deeply about making the financial ecosystem more equitable. We recognize that strong qualifications can come from both prior work experiences and lived experiences. We encourage you to apply to a role even if your experience doesn't fully match the job description. We are always looking for team members that will bring something unique to Plaid!Plaid is proud to be an equal opportunity employer and values diversity at our company. We do not discriminate based on race, color, national origin, ethnicity, religion or religious belief, sex (including pregnancy, childbirth, or related medical conditions), sexual orientation, gender, gender identity, gender expression, transgender status, sexual stereotypes, age, military or veteran status, disability, or other applicable legally protected characteristics. We also consider qualified applicants with criminal histories, consistent with applicable federal, state, and local laws. Plaid is committed to providing reasonable accommodations for candidates with disabilities in our recruiting process. If you need any assistance with your application or interviews due to a disability, please let us know at accommodations@plaid.com.Please review our Candidate Privacy Notice here .
        


        
            Show more
          

          



        
            Show less",https://www.linkedin.com/jobs/view/software-engineer-web-at-plaid-4133523308?position=3&pageNum=0&refId=d%2FuiXVqBlKCJ3ze8v2YsyQ%3D%3D&trackingId=dBZyPk5De%2Baj3rNCc4vD2Q%3D%3D
Software Engineer,Fieldguide,"About Us:Fieldguide is establishing a new state of trust for global commerce and capital markets through automating and streamlining the work of assurance and audit practitioners specifically within cybersecurity, privacy, and ESG (Environmental, Social, Governance). Put simply, we build software for the people who enable trust between businesses.We’re based in San Francisco, CA, but built as a remote-first company that enables you to do your best work from anywhere. We're backed by top investors including Bessemer Venture Partners, 8VC, Y Combinator, Floodgate, Elad Gil, Justin Kan, Qasar Younis, Eric Ries, and more.We value diversity — in backgrounds and in experiences. We need people from all backgrounds and walks of life to help build the future of audit and advisory. Fieldguide’s team is inclusive, driven, humble and supportive. We are deliberate and self-reflective about the kind of team and culture that we are building, seeking teammates that are not only strong in their own aptitudes but care deeply about supporting each other's growth.As an early stage start-up employee, you’ll have the opportunity to build out the future of business trust. We make audit practitioners’ lives easier by eliminating up to 50% of their work and giving them better work-life balance. If you share our values and enthusiasm for building a great culture and product, you will find a home at Fieldguide.About the role:As a Software Engineer at Fieldguide, you’ll be an early member of the team, taking a front-row seat as we build both the company and the engineering organization to tackle the massive and archaic audit and advisory industry.ResponsibilitiesBe a core technical contributor at a Series B-stage company as it scalesContribute to the end-to-end development of featuresBring a mindset of continuous improvement to your workYou’ll Need To Have Experience With The FollowingModern web tech stacks consisting of several of the following: TypeScript, React, GraphQL, NodeJS, Hasura, Postgres, and AWSTest and automation tools like Jest and CypressDevOps and continuous integration/delivery best practicesInformation security best practicesCollaborating on all aspects of product strategy and UXShaping a young tech stack, product, and engineering organizationMore about Fieldguide:Fieldguide is a values-based company. Our values are:Fearless - Inspire & break down seemingly impossible walls. Fast - Launch fast with excellence, iterate to perfection. Lovable - Deliver happiness & 11 star experiences. Owners - Execute & run the business with ownership. Win-win - Create mutual value & earn trust for life. Inclusive - Scale the best ideas with inclusive teams. Some of our benefits include: Competitive compensation packages with meaningful ownershipUnlimited PTOWellness benefits, including a bundle of free therapy sessions401kTechnology & Work from Home reimbursementFlexible work schedulesCompensation Range: $125K - $175K



        
            Show more
          

          



        
            Show less",https://www.linkedin.com/jobs/view/software-engineer-at-fieldguide-3961092714?position=4&pageNum=0&refId=d%2FuiXVqBlKCJ3ze8v2YsyQ%3D%3D&trackingId=rxCs9jyBkG3wg6k%2FxZaJOQ%3D%3D
Software Engineer,Twitch,"About UsTwitch is the world’s biggest live streaming service, with global communities built around gaming, entertainment, music, sports, cooking, and more. It is where thousands of communities come together for whatever, every day.We’re about community, inside and out. You’ll find coworkers who are eager to team up, collaborate, and smash (or elegantly solve) problems together. We’re on a quest to empower live communities, so if this sounds good to you, see what we’re up to on LinkedIn and X, and discover the projects we’re solving on our Blog. Be sure to explore our Interviewing Guide to learn how to ace our interview process.About The RoleTwitch is building the future of interactive entertainment. As a Software Engineer on the On Demand Platform team, you'll work to build the systems that power VODs and Clips on Twitch for our global community of creators and viewers. We're looking for someone with a strong interest in backend software development and a growth mindset.You Will:Design, build, and maintain highly performant and reliable microservicesDrive engineering best practices within the teamDeliver high-quality code, tests, and documentationActively participate in design and code reviews with the teamWork with cross-functional partners such as Product and Design to build great user experiencesYou Have:Bachelor's degree in Computer Science or related field or equivalent industry experience as a Software EngineerA foundation in data structures and algorithms. Familiarity with scalability, concurrency, API design, data modeling, and distributed systems fundamentalsBonus PointsFamiliarity with AWS infrastructureBackground in building microservices at scaleExperience writing Go in production systemsPerksMedical, Dental, Vision & Disability Insurance401(k)Maternity & Parental LeaveFlexible PTOAmazon Employee DiscountWe are an equal opportunity employer and value diversity at Twitch. We do not discriminate on the basis of race, religion, color, national origin, gender, sexual orientation, age, marital status, veteran status, or disability status.Pursuant to the San Francisco Fair Chance Ordinance, we will consider for employment qualified applicants with arrest and conviction records.Pursuant to the Los Angeles Fair Chance Ordinance, we will consider for employment qualified applicants with arrest and conviction records. Twitch values your privacy. Please consult our Candidate Privacy Notice, for information about how we collect, use, and disclose personal information of our candidates.Job ID: TW8742Our compensation reflects the cost of labor across several US geographic markets. The base pay for this position ranges from our lowest geographic market up to our highest geographic market. Pay is based on a number of factors including market location and may vary depending on job-related knowledge, skills, and experience. Amazon is a total compensation company. Dependent on the position offered, equity, sign-on payments, and other forms of compensation may be provided as part of a total compensation package, in addition to a full range of medical, financial, and/or other benefits. This position will remain open until filled. For more information, please visit https://www.twitch.tv/jobs/en/#learn-more. Applicants should apply via our internal or external career site.US Pay Per Year$99,500—$200,000 USD
        


        
            Show more
          

          



        
            Show less",https://www.linkedin.com/jobs/view/software-engineer-at-twitch-4164585246?position=5&pageNum=0&refId=d%2FuiXVqBlKCJ3ze8v2YsyQ%3D%3D&trackingId=ZBc%2FObQU9hhkl4Zc3jnkkw%3D%3D
"Software Engineer, Trust",Notion,"About UsWe're on a mission to make it possible for every person, team, and company to be able to tailor their software to solve any problem and take on any challenge. Computers may be our most powerful tools, but most of us can't build or modify the software we use on them every day. At Notion, we want to change this with focus, design, and craft.We've been working on this together since 2016, and have customers like Pixar, Mitsubishi, Figma, Plaid, Match Group, and thousands more on this journey with us. Today, we're growing fast and excited for new teammates to join us who are the best at what they do. We're passionate about building a company as diverse and creative as the millions of people Notion reaches worldwide.Notion is an in person company, and currently requires its employees to come to the office for two Anchor Days (Mondays & Thursdays) and requests that employees spend the majority of their week in the office (including a third day).About The RoleMillions of people use Notion — and this number is increasing every day. That means millions of people trust us to keep their data secure and private, and we value this more than anything. We want to keep earning trust, while also continuing to amaze our users with the tools they can build in Notion.As a member of the Trust Engineering team, you'll have many opportunities to safeguard Notion's community and help build a trustworthy environment. You'll partner with product and infrastructure teams to integrate trust and safety into Notion's technology stack, promoting sustainable growth towards becoming a universally used product. Additionally, you'll collaborate with our Trust & Safety operations team to anticipate changing attack vectors and foster a positive user experience.What You'll AchieveBuilt product features, platforms, and machine learning / AI models to protect Notion’s community from account takeovers, phishing, objectionable content, spam and other kinds of fraud and abusePartner closely with Trust and Safety ops and other security teams to investigate new attack vectors, manage incidents, and improve internal tooling and automationContribute to the vision and roadmaps for this team and articulate Notion’s overall approach and philosophy on Trust EngineeringWhat We’re Looking ForThoughtful problem-solving: For you, problem-solving starts with a clear and accurate understanding of the context. You have 5+ years of engineering experience and can decompose tricky problems and work towards a clean solution, by yourself or with teammates.Pragmatic and business-oriented: You care about business impact and prioritize projects accordingly. You don't just go after cool stuff—you understand the balance between craft, speed, and the bottom line. To you, technologies and programming languages are about tradeoffs. You may be opinionated, but you're not ideological and can learn new technologies as you go.Put users first: You think critically about the implications of what you're building, and how it shapes real people's lives. You understand that reach comes with responsibility for our impact—good and bad.Empathetic communication: You communicate nuanced ideas clearly, whether you're explaining technical decisions in writing or brainstorming in real time. In disagreements, you engage thoughtfully with other perspectives and compromise when needed.Team player: You understand when work is better, together. You enjoy collaborating cross-functionally to accomplish shared goals, and you care about learning, growing, and helping others to do the same.Nice To HavesTrust expertise: You bring multiple years of software engineering experience in the areas of trust, safety, and user authentication.Cross-functional collaboration: You have a history of strong cross-functional collaboration with trust and safety ops, legal, and/or other non-technical teams.Technology stack: You're proficient with any part of our technology stack: React, TypeScript, Node.js, Postgres, Redis.Startup mentality: You are comfortable navigating the fast moving, unstructured nature of a hyper-growth startup. You are self-motivated to add value and bias towards action.We hire talented and passionate people from a variety of backgrounds because we want our global employee base to represent the wide diversity of our customers. If you’re excited about a role but your past experience doesn’t align perfectly with every bullet point listed in the job description, we still encourage you to apply. If you’re a builder at heart, share our company values, and enthusiastic about making software toolmaking ubiquitous, we want to hear from you.Notion is proud to be an equal opportunity employer. We do not discriminate in hiring or any employment decision based on race, color, religion, national origin, age, sex (including pregnancy, childbirth, or related medical conditions), marital status, ancestry, physical or mental disability, genetic information, veteran status, gender identity or expression, sexual orientation, or other applicable legally protected characteristic. Notion considers qualified applicants with criminal histories, consistent with applicable federal, state and local law. Notion is also committed to providing reasonable accommodations for qualified individuals with disabilities and disabled veterans in our job application procedures. If you need assistance or an accommodation due to a disability, please let your recruiter know.Notion is committed to providing highly competitive cash compensation, equity, and benefits. The compensation offered for this role will be based on multiple factors such as location, the role’s scope and complexity, and the candidate’s experience and expertise, and may vary from the range provided below. For roles based in San Francisco or New York City, the estimated base salary range for this role is $160,000 - $250,000 per year.



        
            Show more
          

          



        
            Show less",https://www.linkedin.com/jobs/view/software-engineer-trust-at-notion-4179136769?position=6&pageNum=0&refId=d%2FuiXVqBlKCJ3ze8v2YsyQ%3D%3D&trackingId=EKZu91EzUHx76uS7ruhqkQ%3D%3D
Software Engineer,Twitch,"About UsTwitch is the world’s biggest live streaming service, with global communities built around gaming, entertainment, music, sports, cooking, and more. It is where thousands of communities come together for whatever, every day.We’re about community, inside and out. You’ll find coworkers who are eager to team up, collaborate, and smash (or elegantly solve) problems together. We’re on a quest to empower live communities, so if this sounds good to you, see what we’re up to on LinkedIn and X, and discover the projects we’re solving on our Blog. Be sure to explore our Interviewing Guide to learn how to ace our interview process.About The RoleTwitch is building the future of interactive entertainment. As a Software Engineer with Safety Systems in the Community Health Org, you'll work as part of a team to build systems and processes that are designed to keep our creators and viewers safe on Twitch. You’ll build systems to support user reporting flows and help maintain our internal platform used to triage and process reports, enforcements, appeals and reinstatements. Safety Systems engineers also help integrate new products being developed at Twitch to safety tooling and regulatory compliance by consulting with various internal and external stakeholders.You Will:Design, deliver, and improve performance, reliable, and high-performance systemsEmbrace and champion engineering best practices within your group and TwitchProduce clean, high-quality code, tests, and documentationActively participate in code and design reviews with peers and partnersContribute engineering input and feedback into product planning processesPartner with fellow engineering teams to accomplish complex projects togetherParticipate in regular on-call alongside our team’s engineers to support our online systemsYou Have:Willingness to try new things and work with a diverse group of peopleBachelor's degree in Computer Science or related field or equivalent industry experience as a Software EngineerA foundation in data structures and algorithms.Familiarity with scalability, concurrency, API design, data modeling, and distributed systems fundamentalsBonus PointsFamiliarity with AWS infrastructureExperience with email / notifications technologiesExperience writing Go in production systemsExperience with front-end or full-stack developmentPerksMedical, Dental, Vision & Disability Insurance401(k)Maternity & Parental LeaveFlexible PTOAmazon Employee DiscountWe are an equal opportunity employer and value diversity at Twitch. We do not discriminate on the basis of race, religion, color, national origin, gender, sexual orientation, age, marital status, veteran status, or disability status.Pursuant to the San Francisco Fair Chance Ordinance, we will consider for employment qualified applicants with arrest and conviction records.Twitch values your privacy. Please consult our Candidate Privacy Notice, for information about how we collect, use, and disclose personal information of our candidates.Job ID: TW8739Our compensation reflects the cost of labor across several US geographic markets. The base pay for this position ranges from our lowest geographic market up to our highest geographic market. Pay is based on a number of factors including market location and may vary depending on job-related knowledge, skills, and experience. Amazon is a total compensation company. Dependent on the position offered, equity, sign-on payments, and other forms of compensation may be provided as part of a total compensation package, in addition to a full range of medical, financial, and/or other benefits. This position will remain open until filled. For more information, please visit https://www.twitch.tv/jobs/en/#learn-more. Applicants should apply via our internal or external career site.US Pay Per Year$99,500—$200,000 USD
        


        
            Show more
          

          



        
            Show less",https://www.linkedin.com/jobs/view/software-engineer-at-twitch-4161184682?position=7&pageNum=0&refId=d%2FuiXVqBlKCJ3ze8v2YsyQ%3D%3D&trackingId=OpFQzxesKLOOdI%2B%2BTgH1XA%3D%3D
