company,job-title,level
SynergisticIT,Entry level Python/R Developer,Entry level
SynergisticIT,Junior/Entry Level Software Developer(Remote),Entry level
SynergisticIT,Junior/Entry Software Developer,Entry level
SynergisticIT,Entry Level Software Developer - Remote,Entry level
SynergisticIT,Junior Level Software Engineer (REMOTE),Entry level
SynergisticIT,Junior Machine Learning Engineer,Entry level
SynergisticIT,Entry Level Software Engineer,Entry level
SynergisticIT,Entry Level Data Scientist,Entry level
SynergisticIT,Entry Level Full Stack Software Developer(remote),Entry level
SynergisticIT,Backend Developer(Entry Level),Entry level
SynergisticIT,Junior/Entry Level Software Developer(Remote),Entry level
SynergisticIT,Junior/Entry Software Developer,Entry level
SynergisticIT,Entry Level Software Developer - Remote,Entry level
SynergisticIT,Junior Level Software Engineer (REMOTE),Entry level
SynergisticIT,Junior Machine Learning Engineer,Entry level
SynergisticIT,Entry Level Software Engineer,Entry level
SynergisticIT,Entry Level Data Scientist,Entry level
SynergisticIT,Entry Level Full Stack Software Developer(remote),Entry level
SynergisticIT,Backend Developer(Entry Level),Entry level
SynergisticIT,Junior Full-stack Developer (Remote),Entry level
SynergisticIT,Junior/Entry Software Developer,Entry level
SynergisticIT,Entry Level Software Developer - Remote,Entry level
SynergisticIT,Junior Level Software Engineer (REMOTE),Entry level
SynergisticIT,Junior Machine Learning Engineer,Entry level
SynergisticIT,Entry Level Software Engineer,Entry level
SynergisticIT,Entry Level Data Scientist,Entry level
SynergisticIT,Entry Level Full Stack Software Developer(remote),Entry level
SynergisticIT,Backend Developer(Entry Level),Entry level
SynergisticIT,Junior Full-stack Developer (Remote),Entry level
SynergisticIT,Junior Software Engineer,Entry level
SynergisticIT,Entry Level Software Developer - Remote,Entry level
SynergisticIT,Junior Level Software Engineer (REMOTE),Entry level
SynergisticIT,Junior Machine Learning Engineer,Entry level
SynergisticIT,Entry Level Software Engineer,Entry level
SynergisticIT,Entry Level Data Scientist,Entry level
SynergisticIT,Entry Level Full Stack Software Developer(remote),Entry level
SynergisticIT,Backend Developer(Entry Level),Entry level
SynergisticIT,Junior Full-stack Developer (Remote),Entry level
SynergisticIT,Junior Software Engineer,Entry level
SynergisticIT,Junior Machine learning/AI engineer/Software Developer,Entry level
SynergisticIT,Junior Level Software Engineer (REMOTE),Entry level
SynergisticIT,Junior Machine Learning Engineer,Entry level
SynergisticIT,Entry Level Software Engineer,Entry level
SynergisticIT,Entry Level Data Scientist,Entry level
SynergisticIT,Entry Level Full Stack Software Developer(remote),Entry level
SynergisticIT,Backend Developer(Entry Level),Entry level
SynergisticIT,Junior Full-stack Developer (Remote),Entry level
SynergisticIT,Junior Software Engineer,Entry level
SynergisticIT,Junior Machine learning/AI engineer/Software Developer,Entry level
SynergisticIT,Junior Full-Stack Engineer,Entry level
